!, https://i.redd.it/xj5b8397phr51.jpg
"!" [Original], https://i.imgur.com/osJY0mt.jpg
"Come join me!", https://i.redd.it/o74krrz8qie21.jpg
"Could you give me a call?!", https://i.redd.it/07qeaxlv18k21.jpg
"Hey ... sister ... I want this bag ~" [Original], https://i.redd.it/onatbcqszmd61.jpg
"I love you so much!", https://i.redd.it/9km7l35r2mi21.jpg
"I wonder when he'll get here...", https://i.redd.it/s16f88wipie21.jpg
"I'm not cold...", https://i.redd.it/b0xy2236fpf21.jpg
"Let's walk home together", https://i.redd.it/qalh9p86cks41.jpg
"Oh hey!... What's.. up?", https://i.redd.it/atqfimcg68k21.jpg
"Oh hey...", https://i.redd.it/90439h6wdti21.jpg
"oh? something wrong?", https://i.redd.it/ztym5hfe68k21.jpg
"Sweet Day", https://i.redd.it/dyds1vyju8a21.jpg
"This is the happiest day of my life!", https://i.redd.it/2gt12i71aid21.jpg
"What do you want?? I am going to kill you if you don't disappear!", https://i.redd.it/ti6ivfz0pie21.png
"Winter", https://i.redd.it/xpgihfuoge321.jpg
"wooow you're so gargantuan", https://i.redd.it/p2yk660j4sl21.jpg
#TrashGang, https://i.redd.it/vwjwoks5rtx21.jpg
( Focused Shiro ) [No Game No Life], https://i.redd.it/8qmyqlu69rp41.png
(Mind Superlative Mai) [Rascal Does Not Dream Of Bunny Girl Senpai], https://i.redd.it/yews2v3fv1r41.png
., https://i.redd.it/ipz5d924g8031.jpg
2B, https://i.redd.it/os6imofoyli21.jpg
:3, https://i.redd.it/7ljna6u3n2p21.jpg
:>, https://i.redd.it/1annpoo7xlj51.jpg
:>, https://i.redd.it/5do9mmybp4k51.jpg
<3, https://i.redd.it/ox5fxwnu3if51.jpg
>~<, https://i.redd.it/wer1zclb00h51.jpg
[Original], https://i.redd.it/dsu33s1u8id61.jpg
[PERFECTION], https://i.redd.it/to07y4f2iu251.jpg
[Self] throwback to my ino cosplay, https://i.redd.it/x9azy6zl6i521.jpg
^^, https://i.redd.it/41ngd3eib7751.jpg
A hug from her beloved big sister [Wataten!], https://i.redd.it/pfwita1laqq21.jpg
A loli a day keeps the rope away [Original], https://i.redd.it/8b3f1wtbo9d61.jpg
A random anime girl i found, https://i.redd.it/jn20zofavzd21.jpg
A2 [Nier Automata], https://i.redd.it/g6lellw6v9f61.jpg
Accidentally made her cry [Original], https://i.redd.it/j38zvz9q10r21.jpg
Admiral Graf Spee [Azur Lane], https://i.redd.it/j7zb7s7uo6i21.jpg
Adorable time, https://i.redd.it/ocm6w4id17i51.jpg
Adorable, https://i.redd.it/79n9zh7yjzl51.jpg
adowable, https://i.redd.it/hj4t94huqo551.jpg
Ai Ohto [Wonder Egg Priority], https://i.redd.it/5ktwchqbkto61.png
Aisaka Taiga [Toradora!], https://i.redd.it/0fb8ztv3k6x51.jpg
Aisaka Taiga [Toradora!], https://i.redd.it/1rt0n8tghkb61.jpg
Ak-12 [Girls Frontline], https://i.redd.it/lbt91lzpqzc61.jpg
Akatsuki & Hibiki, https://i.redd.it/sebr1d89h1f21.jpg
Amana says it’s time to wake up, https://i.redd.it/89ykksy136961.jpg
An Angel in Sailor Uniform, https://i.redd.it/dd538xdlzcx41.jpg
An anime that married one hot man, https://i.redd.it/eceh4obfr4x21.png
An interesting title, https://i.redd.it/2nqysv307xz31.jpg
Anika (Original Character), https://i.redd.it/hhxw5jb95o361.jpg
Anime girl from somewhere..., https://i.redd.it/vb1z18zstd311.jpg
Anime girl in nice warm bath, https://i.redd.it/oyvksjk9fpf21.jpg
Anime Girl in Red, https://i.redd.it/51fh9arm5xi21.jpg
Anime Girl in the beautiful winter!, https://i.redd.it/3z02am6o1xe21.jpg
Anime Girl on beach, https://i.redd.it/2knv4pqyuxs21.jpg
Anime Girl, https://i.redd.it/59c78nxr40q21.jpg
Anime Girl, https://i.redd.it/7tendz4jvxs21.jpg
Anime Girl, https://i.redd.it/9nht3hg9vxs21.jpg
Anime Girl, https://i.redd.it/a2ichn0lvxs21.jpg
Anime Girl, https://i.redd.it/h0cgggw0vxs21.jpg
Anime girl, https://i.redd.it/hivpuvwjx0i21.png
Anime Girl, https://i.redd.it/k45lku6ivxs21.jpg
Anime Girl, https://i.redd.it/osp513vjvys21.jpg
Anime Girl, https://i.redd.it/w55n404kvxs21.jpg
Anime girls hanging out at the beach, https://i.redd.it/zk8d1q9sdti21.jpg
Anime maid, https://i.redd.it/x5hurc5weg361.jpg
Anime Princess, https://i.redd.it/bcivdg5a60q21.jpg
Anime schoolgirl, https://i.redd.it/y55aa7v03hk21.jpg
Annoyed Anime Girl, https://i.redd.it/peyc28xxpqq21.jpg
Another Portrait from Final Fantasy XIV, https://i.redd.it/yqzp1o4w2xe21.png
Anyone know her sorry for doing it again, https://i.redd.it/x4h6mipggk661.jpg
Aoi Sakuraba, https://i.redd.it/69gxvlkqd3j21.jpg
AOT, https://i.redd.it/md8n2mxawqk61.jpg
Arknights (artist is Salmon88), https://i.redd.it/r4uaxcogqf151.jpg
Artist ?? - BIGxixi [Pixiv], https://i.redd.it/en7mko40by231.jpg
Artist: jeonghee1414, https://i.redd.it/i1uw6wvpv9851.jpg
Artist: Salmon88, https://i.redd.it/6umz1fweg4351.jpg
Asagi Aiba & Yukina Himeragi [Strike the Blood], https://i.redd.it/j2v3djrd32761.jpg
asio;dhwef;j.ksadf;uajwkef, https://i.redd.it/4vt41nzy34w21.jpg
Asuna SAO, https://i.redd.it/hgjflinfy0j61.png
at the pool, https://i.redd.it/0sgpsvlsixn51.png
Awesomeness, https://i.redd.it/mhy8isdyixz51.jpg
Azur Lane - Another Colorado in deep thought..., https://i.redd.it/j4ue5higi8u11.jpg
Azur Lane - Bilan Hangxian, https://i.redd.it/57e8ipeltq921.jpg
Azur Lane - Cleveland, https://i.redd.it/esds4tgn7w921.jpg
Azur Lane - Colorado, https://i.redd.it/ifl6rakhz1u11.jpg
Azusa Hamaoka - Grand Blue, https://i.redd.it/dki9gwvcx2d21.png
Beautiful [Kemono Friends], https://i.redd.it/g8q9j16o5gq21.jpg
Beautiful Anime Girl, https://i.redd.it/mdme7yl8szi21.jpg
Beautiful bride, https://i.redd.it/grpuxc7hcfb61.jpg
Beautiful doggirl waifu. [Atago Azur Lane], https://i.redd.it/pdowdtji5rp51.jpg
Beautiful from both inside and outside.., https://i.redd.it/10jtf2hix7l61.jpg
Beautiful Okayu (Hololive), https://i.redd.it/zkye2mvm6qb61.jpg
Beautiful, https://i.redd.it/au5th2qetjj21.png
Beauty, https://i.redd.it/9asuccu77lm21.png
Best Girl, https://i.redd.it/7cz6oqlf2jf41.jpg
bIASG TISDY ONASEN, https://i.redd.it/nqt4o11ow3w21.jpg
Big oppais, https://i.redd.it/iuqgpw65ade51.jpg
Black and White [Original], https://i.redd.it/7uxum0lpp1h61.jpg
Black beauty, https://i.redd.it/p8su1kzzgkm61.jpg
Black Clover - Noelle Silva Bikini, https://i.redd.it/qqqtamkzkyy11.jpg
Blue dress, https://i.redd.it/v4crx9pfzqm21.jpg
Bowsette by Salmon88, https://i.redd.it/3h5rlmd7cuy21.jpg
Bunny Girl Senpai, https://i.redd.it/khz7gtlvh8u11.png
Bunny girl Wednesday, https://i.redd.it/5msnkxl68wo51.jpg
Bunny girl Wednesday, https://i.redd.it/o2jhmkxj1sk51.jpg
Bunny girl, https://i.redd.it/0i0xlgwt4bi21.jpg
Bunny Girl, https://i.redd.it/8t2xh9e1dva51.jpg
Bunny Girl, https://i.redd.it/jcfmb3qwuxs21.jpg
C u t e, https://i.redd.it/a7vi52avgpj51.jpg
Can we get this to be my most liked post?, https://i.redd.it/vn7ndr9nduh51.jpg
Casual Look, https://i.redd.it/8hfuawb3agd51.jpg
Catgirls rule, https://i.redd.it/d6l1traha5m51.jpg
Character: higuchi madoka Material: the idolm@ster By: yunagi amane, https://i.redd.it/p5r3phspdwb61.jpg
Character: iino miko Material: kaguya-sama wa kokurasetai ~tensai-tachi no renai zunousen~ By: hitsukuya, https://i.redd.it/zd3iro1byoc61.jpg
Character: niijima sae Material: persona By: hews hack, https://i.redd.it/sgjlvfzn2hc61.jpg
Charlotte Corday has a cute blush. (Kurikara) [Fate], https://i.redd.it/jpdn5gnr4aw51.png
Check out this fun Drawing I did of Yuno, https://i.redd.it/l08ryahfvu361.jpg
Cherry tails, https://i.redd.it/0m0ak1zodeb51.jpg
Chika [Kaguya Sama: Love Is War], https://i.redd.it/42qtm76tcx151.png
Chika being Chika [Kaguya-sama: Love Is War], https://i.redd.it/k1lghdhi9kq21.jpg
Chika Fujiwara, https://i.redd.it/ghorgx3qa7o41.jpg
Chika, https://i.redd.it/letd3mq0zvj21.jpg
Chisa Kotegawa Grand Blue, https://i.redd.it/qww78txc6zc21.png
Chubby cheeks (dhk), https://i.redd.it/fwgh19t3ef861.jpg
Come with me, https://i.redd.it/2vx9yjnxyku21.jpg
Corrin made by SarukaiWolf https://twitter.com/SarukaiWolf, https://i.redd.it/bgug0y1c18v11.jpg
cozy, https://i.redd.it/5e6lwj02smu51.jpg
Creeper chan (idk the artist)(alsow it's minecraft's 10th birthday), https://i.redd.it/eykc3b1v9py21.jpg
Crystal Pink, https://i.redd.it/nkmmrylz70k21.png
Curious (Dhk) [Original], https://i.redd.it/w6o6q9iffl861.jpg
Cute and wholesome [Original], https://i.redd.it/ad64ofszbcq21.jpg
Cute anime girl, https://i.redd.it/gz4rckrfvv321.jpg
Cute animu gorl, https://i.redd.it/2mxxwj83ep351.jpg
CUTE AS FUCK, https://i.redd.it/iii012nhpdm51.png
Cute Crawling Anime Girl, https://i.redd.it/l7vjtfn560q21.jpg
Cute dragon girl, https://i.redd.it/j82jjw95m0061.jpg
Cute dress (kkamja), https://i.redd.it/gxo1vy6zb5r51.png
Cute Elaina, https://i.redd.it/3ywuhygq0qa61.jpg
Cute fox warrior, https://i.redd.it/ggifqmw6gx961.jpg
Cute foxgirl!, https://i.redd.it/t88thl9k3u851.png
Cute girl looking at you, https://i.redd.it/48n917a2qcz51.jpg
Cute school girl, https://i.imgur.com/EZU9TZV.jpg
Cute school girl, https://i.imgur.com/gYvayOZ.jpg
Cute Tohru [Miss Kobayashi's Dragon Maid], https://i.redd.it/y7837urz03r21.png
Cute, https://i.redd.it/fqi7fc8ynam51.jpg
Cutie taking a selfie, https://i.redd.it/ystidps3ccz51.jpg
Cutie, https://i.redd.it/ldnn158m8iz51.jpg
Damn, https://i.redd.it/ibk8zp82ksg51.jpg
Date a live Origami in maid dress, https://i.redd.it/mjewiys6qvl21.jpg
Date a live: Origami+Tokha, https://i.redd.it/6rctfw5wv8o21.jpg
Do you anyone know her ?, https://i.redd.it/0knp5z9ikht51.jpg
Does anyone know the artist?, https://i.redd.it/xf7ha8mkvbf61.jpg
Does anyone know who she is?, https://i.redd.it/e17i2y0y8fv41.jpg
Doesnt she look like rem and ram mother(dont know the autor help), https://i.redd.it/jlyycwfz5zb41.jpg
Dog girl expressions [Original], https://i.imgur.com/kSapNbu.png
Don’t know the anime. If there is one, https://i.redd.it/jrv2nxhinmy21.jpg
Dorothy throws card, https://i.redd.it/vjjtd9jbatw51.jpg
Drawing, https://i.redd.it/f2rey4tj8wj21.png
Drying off from the rain, https://i.redd.it/ru3uzo0s8h961.jpg
Dunno if I posted this here yet or not but here's my chocolate OC named Violatia. She's a cute Arabic Girl :D, https://i.redd.it/adxznhl3rod51.png
E, https://i.redd.it/u8o4mgl9izi51.jpg
EAFTGVYHUHX234]5 1-4Q, https://i.redd.it/8cpzp9bzw3w21.png
Emilia at the beach, https://i.redd.it/i8jfrbg4ygf41.png
Emilia From Re: Zero, https://i.redd.it/p249ue8ru4261.png
Emilia, https://i.redd.it/1q3v17d9mvg61.png
Emilia, https://i.redd.it/a2qiix3p1jl21.jpg
Enjoying the festival night, https://i.redd.it/gvexescy60q21.jpg
Epik, https://i.redd.it/churxkeig3n61.jpg
Erotic but cute!, https://i.redd.it/v1rwbyywr2951.png
Everyone's Favourite Sister, https://i.redd.it/9ql3eiwu6w921.jpg
Fantabulous [Kaguya-Sama: Love Is War], https://i.redd.it/f3fu8upgmij51.png
Fate/Grand Order - Okita Souji, https://i.redd.it/faego2cujzx11.jpg
Fate/Grand Order - Summer Jalter, https://i.redd.it/7n11nxksrht11.jpg
Fate/Stay Night - Saber Alter, https://i.redd.it/rp4tqscwd9x11.jpg
Female Robin and Lyn (<- not sure for the name) from Fire Emblem, https://i.redd.it/x0k7tgupc3g21.jpg
Figment character[by jirafuru], https://i.redd.it/o76ca0vuhko61.jpg
Fire emblem - Lyndis, https://i.redd.it/dgzvviq6dld21.jpg
Fire emblem female robin (idk the game but whatever), https://i.redd.it/6umil85dbld21.jpg
first post here, https://i.redd.it/193shhbrh2651.jpg
Flower Girl, https://i.redd.it/5swnofm2zd021.jpg
Flushed Hayasaka [Kaguya Sama: Love Is War], https://i.redd.it/g6ymfwcabi351.png
Forgot her name but know she from love is war, https://i.redd.it/u2tx6vdw1wa61.jpg
Found this found it cute, https://i.redd.it/rffl0ruz6nc41.jpg
Found this, https://i.redd.it/9w2gpz3xejq51.jpg
Fox Girl [Original], https://i.redd.it/ilr64litizq21.png
Friends hanging out, https://i.redd.it/cxj4ov64dti21.jpg
Fuck, https://i.redd.it/2z157g99a4d51.jpg
Full Moon, https://i.redd.it/cg8o7xql5wj21.jpg
Gasai Yuno #5, https://i.redd.it/z7thflzmyln61.jpg
Gimme a Hug [Original], https://i.redd.it/9ftg9z4hdmq21.jpg
Girls Frontline - Thunder, https://i.redd.it/kg70gee0m1v11.png
Girls with Swords, https://i.redd.it/f71l2oa67o821.jpg
Give me upvote, https://i.redd.it/kw7zanbhxmc51.jpg
Going out, https://i.redd.it/kd93lb9yqxw41.jpg
Halloween Miia, https://i.redd.it/r4knd35mqiw51.png
Happy year of the cow, https://i.redd.it/7ne1a4tu2n961.jpg
Hatsune Miku & Crunchyroll's Hime, https://i.redd.it/i9bbkxfjrht11.jpg
Hayasaka ai [kaguya-sama wa kokurasetai ~tensai-tachi no renai zunousen~], https://i.redd.it/sqkucultfwc61.jpg
Here take a bite!, https://i.redd.it/ak3qhtc3mgi41.png
Hi guys im new, https://i.redd.it/ktsfnqkjps261.jpg
High School Girl silver hair, https://i.redd.it/0s5kffjmknx41.png
Himiko Toga [My Hero Academia] #2, https://i.redd.it/leqgoki0cot21.jpg
Himiko Toga [My Hero Academia], https://i.redd.it/cblg97kjjit21.png
Hmm yes tiny prinz, https://i.redd.it/3ke2p2a3rtb51.jpg
Hot, https://i.redd.it/vlthfy3z1eu51.jpg
Hyper Dimensional Neptune - Nepgear in traditional Japanese outfit, https://i.redd.it/er5sgyokxbc21.jpg
Hyperdimension Neptunia - Noire (Black Heart), https://i.redd.it/eabwduxvoy921.jpg
HyperDimensional Neptunia - Black Heart, https://i.redd.it/blw2gzb1wxs21.jpg
I am on Riamu Yumemi phase deal with it, https://i.redd.it/d73cy6jqrm041.jpg
I am pwolice chwief one upvote = one loli protected, https://i.redd.it/24mhiv9g6x741.jpg
I don't know what her name is but she's cute, https://i.redd.it/14uhs8fqmck61.jpg
I found this Booette and she kinda looks like something out of Monster Musume, https://i.redd.it/llgal6kb03b51.jpg
I just want to post on this subreddit to get some feedback from u guys. What do you think?, https://i.redd.it/qy9yhbhwwby51.png
I might be inactive for a bit, https://i.redd.it/atdwopg1zdl51.jpg
I think I'm getting better at morphs, https://i.redd.it/wgpav5ys3jw51.png
I think this belongs here, https://i.redd.it/0h7kqzr4i0z11.jpg
I took a random image and put it into that coloring program. This is what the computer generated., https://i.redd.it/48ddwybp07421.jpg
I want to be her friend, https://i.redd.it/o6l14cu6wa751.jpg
I'd love to be your waifu mein fuher!, https://i.redd.it/d4gmzlwk1vw21.png
I'm in love with this girl, https://i.redd.it/nm21kvw1dzv51.jpg
Ichigo [Darling in the Franxx], https://i.redd.it/la6bw56a07o61.png
Idk the artist srrryyyyy . ., https://i.redd.it/44wfnspyg4031.jpg
Idk the artist srrryyyyy, https://i.redd.it/is6luj1s1dx21.jpg
Ikaros, https://i.redd.it/0gnhpqywp2721.jpg
In the library, https://i.redd.it/rwd02c1wo6a61.jpg
Iroha Isshiki [Oregairu], https://i.redd.it/g6mepk4a47w21.jpg
is she cute adorable or beautiful, https://i.redd.it/re7vzvpl09q51.jpg
Is this cool?, https://i.redd.it/eoepy9b9xnl61.jpg
It's raining, https://i.imgur.com/hAs5XUe.jpg
Itsuki Nakano, https://i.redd.it/570uurcudbq21.jpg
I’m not the only one who really likes girls with thiccque eyebrows right? .... right?, https://i.redd.it/canrc465v8n51.jpg
jhgjgkhgklyhj, https://i.redd.it/k5a2jzei44w21.jpg
JK After School!, https://i.redd.it/z44ljbfm1vv21.jpg
Just a cute neko ^~^, https://i.redd.it/bi2upuyrpe541.jpg
Just in case anyone forgot that this happened, https://i.imgur.com/IBZQVSJ.gif
Kaguya best girl, https://i.redd.it/4gjlnxp3y7f51.jpg
Kaguya-sama, https://i.redd.it/w641sute40q21.png
Kaho Hinata, https://i.redd.it/uz20vq4bveo41.jpg
Kanroji, https://i.redd.it/5j4uegly30c51.jpg
Kawaii [ Neko ], https://i.redd.it/0d51des57ls21.jpg
Keqing Casual Outfit, https://i.redd.it/y4rxrk2hnu661.jpg
Kindly accept my anime girl, https://i.redd.it/2gqqoqxpjxv21.jpg
Kirie [Himouto! Umaru-chan], https://i.redd.it/1g05gbis6xq21.jpg
kl'jfsd'jfsadufoij;kwlefzxmcsdf, https://i.redd.it/zd4sl6cc34w21.png
Korone [Hololive], https://i.redd.it/3wmufyx5cb261.jpg
Kurumi cause why not, https://i.redd.it/6xd4lubcnlh51.jpg
Kurumi getting headpats, https://i.redd.it/5tslvk0724v21.jpg
Kurumi is best girl!!!, https://i.redd.it/m63rod8i6hl21.jpg
Kyaru [Princess Connect! Re:Dive], https://i.redd.it/ps26y7h8l9251.jpg
Lilith from Borderlands, https://i.redd.it/njmcjh0hpuu21.jpg
Lollipop (atikix), https://i.redd.it/1ybj7dxdmvi61.jpg
Long Hair, https://i.redd.it/0llwyyfo2wg51.jpg
Long haired megumin, https://i.redd.it/o5qjofx927151.jpg
Looking at you, https://i.redd.it/x0qzhdl31zi21.jpg
Mabel Pines ( Gravity Falls )., https://i.redd.it/d7plw3g60v451.jpg
Mai is best girl, https://i.redd.it/f9ni1lnmuci51.jpg
Mai San + diva is heavenly, https://i.redd.it/mpv121aexrf51.jpg
Maid ( :, https://i.redd.it/lwz227iwgii21.jpg
Maid anime girl, https://i.redd.it/c22wxhz3x7i21.png
Maid Wiz from Konosuba!, https://i.redd.it/k1pfdqn2hb311.jpg
Marnie, https://i.redd.it/t2ipznw8oy951.jpg
marrige.. uh ok, https://i.redd.it/udxv8eqj54421.jpg
Mash Kyrielight, https://i.redd.it/k3xw6ozam1e51.jpg
Material: original By: mayogii, https://i.redd.it/ib3mpfigmzb61.jpg
Megumin (konosuba), https://i.redd.it/zost4gmpqmq41.jpg
Megumin [Konosuba], https://i.redd.it/9th48eq6bp521.jpg
Megumin, https://i.redd.it/rmjt43n7ipv41.jpg
Mesmerizing Yukino [Oregairu], https://i.redd.it/o63cgzswoy251.png
Miku [ The quintessential quintuplets ], https://i.redd.it/zp9b1dorj8s21.jpg
Miku Blush [5-toubun no Hanayome], https://i.redd.it/sxiflolyk3r21.jpg
Miku Nakano, https://i.redd.it/318v782ayzo41.png
Miku, https://i.redd.it/86y0f6biuys21.png
Miku, https://i.redd.it/9d5bt2vhs2l21.jpg
Miku, https://i.redd.it/d89c2r0vfsi21.png
Miku-nyan [Gotoubun no Hanayome], https://i.imgur.com/qwEd6sG.jpg
Misaka Mikoto & Shirai Kuroko [A Certain Scientific Railgun], https://i.redd.it/2gigkh23o0l61.jpg
Mizumi Kaho, https://i.redd.it/bof9iuqwtxs21.jpg
Monika, https://i.redd.it/ce5af7t58dg51.jpg
More adorable kurumi, https://i.redd.it/qvocqrtklsl21.png
More Anime Girls, https://i.redd.it/7ubknvhai1f21.jpg
More Anime Girls, https://i.redd.it/ppspzt6v08k21.jpg
More Anime Girls, https://i.redd.it/vcbe8b4n28k21.jpg
More Fate Grand Order Pictures, https://i.redd.it/ygoqsqktm5321.jpg
More Fate/Grand Order, https://i.redd.it/vkrq12n6yzp21.jpg
More Fate/Stay Night, https://i.redd.it/ws0560yjcti21.jpg
More kurumi!, https://i.redd.it/y2g6shjk3vm21.jpg
Ms.Byleth, https://i.redd.it/60j5lbcn60q21.jpg
My explosion girl, https://i.redd.it/lnvz4sux95n51.jpg
my OC Ali with Lumine from Genshin Impact :D, https://i.redd.it/g2krsug7rmt51.png
My school bro, https://i.redd.it/8sn2ej5hl8y21.jpg
My wifefu, https://i.redd.it/q0stnd3oq7951.jpg
Nakano Miku [Go-Toubun no Hanayome], https://i.imgur.com/5GyOzmr.jpg
Nakano Nino [Go-Toubun no Hanayome], https://i.imgur.com/DqdF491.jpg
Name of artist?, https://i.redd.it/vb1olpku5z861.jpg
Nanami aoyama, https://i.redd.it/uf73xzxzfl151.jpg
Natsuki from ddlc, https://i.redd.it/fqzvu9fdypd21.png
natsuki from ddlc, https://i.redd.it/jtyx7zna5iq11.jpg
Neko girl, https://i.redd.it/bjl4u6py8yv41.jpg
Neko rem ^^, https://i.redd.it/vcdog5ap3p461.jpg
Neko Rem, https://i.redd.it/7xs41oywpzp41.jpg
Never thought a gun could be soo good., https://i.redd.it/9scbzshpfsh41.jpg
Nezuko's Bread, https://i.redd.it/05yas3euu8y41.jpg
Nezuko, https://i.redd.it/jjkuhwusg9h41.jpg
Nino [The Quintessential Quintuplets], https://i.redd.it/i9r2wvb2dwq21.jpg
No Game No Life - Shuvi & Jibril, https://i.redd.it/h28j8tej5t221.jpg
Not my art but if someone could find the source that would be Nice., https://i.redd.it/5ub1dgo3ucr51.jpg
not my art but just had to post it, https://i.redd.it/6x6y0g5s3zg41.jpg
nya nya~ UvU, https://i.redd.it/6x668hjfz3361.jpg
Oh no. she’s cute and has them thique eyebrows bois, https://i.redd.it/8a3rzbwndxo51.jpg
Oh sweet relief!, https://i.redd.it/cxm4a67o40q21.jpg
One for your desktop wallpaper..., https://i.redd.it/nhcvfhexm6w21.jpg
One of my favourite pics of best girl, https://i.redd.it/sghj5vrhouu21.jpg
One of my favs, https://i.redd.it/yfir3ak275q31.jpg
Onii-Chan!!!!!, https://i.redd.it/9rseykm1wj761.jpg
Oranges [Vocaloid], https://i.redd.it/06alyl3j3bq21.jpg
Peace, https://i.redd.it/vn1qh9yui7j21.jpg
Peaceful Afternoon, https://i.redd.it/yi3rp8af2mi21.jpg
Perfect waifu Kurumi Tokisaki, https://i.redd.it/a9ecfetn33t51.jpg
pESCFPUIJEWFKDS, https://i.redd.it/2ytz601bw3w21.jpg
Pink eyes (gomzi) [Original], https://i.redd.it/kgxor48kp2e61.jpg
Playground, https://i.redd.it/dtlyzp9cflm21.png
Pouting Kaguya [Kaguya-Sama], https://i.imgur.com/gM7z9kv.jpg
Princess Zelda, https://i.redd.it/2dp1dm49ytc21.png
Princess, https://i.redd.it/z98sllep8lm21.png
Purple Heart & Orange Heart from Hyperdimension Neptune!, https://i.redd.it/h32lm8lv9p311.jpg
QwQ, https://i.redd.it/a66kwryb18h51.jpg
r45yhtsdfgsdfgdfgasdf, https://i.redd.it/64b95mga34w21.jpg
Rapturous [Oregairu], https://i.redd.it/sn4gooq4n6651.png
rdfdgadfgdfsgsdfgsdfg, https://i.redd.it/98jfwg1v14w21.png
Re:Zero - Emilia in maid outfit, https://i.redd.it/akt2c8e3luo11.png
Re:Zero - Rem is so happy to be with you!, https://i.redd.it/iq4hh8891xe21.jpg
Relaxing, https://i.redd.it/oum2enurxbj21.jpg
Rem, https://i.redd.it/qwm8tlfwe3j61.jpg
Rem, https://i.redd.it/ukx11f4zn6i61.jpg
Rikka, https://i.redd.it/iv24dmiyj5k21.jpg
Rikka, https://i.redd.it/s771voxvxx721.jpg
Rio Futaba, https://i.redd.it/chlw4pmeqso41.jpg
Rio Futaba, https://i.redd.it/my4hehqb3ne51.png
Ririn "Bunny Girl" [Original], https://i.redd.it/kb06rvsz01151.png
Ruka Sarashina [Kanojo Okarishimasu], https://i.redd.it/iony3993jle61.jpg
Ruka Sarashina[by Jirafuru], https://i.redd.it/pzimgc3t2jo61.jpg
Rushia [Hololive], https://i.redd.it/alc0f64f9do61.jpg
Sagiri Ameno (Yuragi-so no Yuna-san), https://i.redd.it/h31rxx5sgmh41.png
SAO - Asuna waiting for that special someone..., https://i.redd.it/z01fjhkr63s11.jpg
SAO - Sinon with a cup of coffee, https://i.redd.it/tnqh2z7kaqp11.png
Sayo Hikawa, https://i.redd.it/ceylesmf8w921.png
Scarlet Sisters #4, https://i.redd.it/f8a3uu3m97n61.png
School girl, https://i.redd.it/ipfmryhsmta51.jpg
Schoolgirl Tying Up Her Ponytail, https://i.imgur.com/fMauECl.jpg
Scáthach justifies obsessing over 2D girls!, https://i.redd.it/lv3p6prfrg951.png
Senko-San#3, https://i.redd.it/xnj9mdnx3zu51.jpg
Senko-San, https://i.redd.it/s4dlz7pywku51.jpg
Shamiko (machikado mazoku), https://i.redd.it/ayyds6wqfa451.png
She is not wrong caw caw., https://i.redd.it/p8n1x1inb9j21.jpg
She is so cute, https://i.redd.it/msg8khgeq0t21.jpg
She looks cute, https://i.redd.it/vxoroxdktrl51.jpg
Shhhh, https://i.redd.it/2eg5cb3057l21.jpg
Shinobu [Monogatari], https://i.redd.it/2n7ef86hknw21.jpg
shinobu kimetsu no yaiba, https://i.redd.it/n91t2fd1w0551.jpg
Sigh... so beautiful...., https://i.redd.it/8icvoeyva0r51.jpg
Siina Yuika [Nijisanji], https://i.imgur.com/FfFnZ6q.jpg
Silver haired maiden, https://i.redd.it/zm0a2iqo5lm21.png
Sitting, https://i.redd.it/ej408fefqqm21.jpg
Sleeping Mercedes from Maplestory, https://i.redd.it/pfgeaqcl4bo11.png
Smash or skip?, https://i.redd.it/8xy9ncqnlv651.jpg
Smile, https://i.redd.it/lse6trrz8wj21.jpg
Smile, https://i.redd.it/nwpoc2u39ek51.jpg
Snacks or diet?, https://i.redd.it/kf42mzbro4x41.jpg
Some of my OC Ali being Wholesome as heck, https://i.redd.it/kq7aqkajc5z51.png
Spy Anime Girl, https://i.redd.it/23c7lxdwb5s21.jpg
Stellar Cat [Original], https://i.redd.it/hmsq9onvki751.png
Subarashii!, https://i.redd.it/bper73ccvnx21.jpg
Such a soft little cutie, https://i.redd.it/qeijwptjqpb51.jpg
Sumi cat, https://i.redd.it/3amxgdftc2q51.jpg
Sumi Sakurasawa, https://i.redd.it/xfdvrb2az0i61.jpg
Sumi, https://i.redd.it/im0xhkszwri51.jpg
Summer outfit, https://i.redd.it/5yhc41a2gn651.jpg
Sunset, https://i.redd.it/1cu2b4z54wj21.jpg
Suspenders and boobs, https://i.redd.it/rc590fv14ag51.jpg
Sword Art Online - Asuna x Alice, https://i.redd.it/1z2rwo5l6fj21.jpg
Sword Art Online: Asuna Alter ~ The Dark Angel, https://i.redd.it/pvhitip7v7g21.jpg
Taiga [Toradora], https://i.redd.it/tq73sf3j3go61.jpg
taiga, https://i.redd.it/uo1x4a7coze51.jpg
Takasaki, https://i.redd.it/vppl042520m21.jpg
Take Bento (Lunch) [5-Toubun No Hanayome], https://i.redd.it/bax2b4w6rvq51.png
Taking a present for that special someone, https://i.redd.it/n4i7fr4z07q21.jpg
Tentacles, https://i.redd.it/m8snfjvocy751.jpg
That light!, https://i.redd.it/u0g4n8nj7x261.png
The Best Sister, https://i.redd.it/t9hza6w1lfb21.jpg
The best Waifu, https://i.redd.it/2pqkt64hfvh41.jpg
The naughty wind!, https://i.redd.it/uho5p426yc951.jpg
The new cover of *Girls X Battle*, https://i.redd.it/31f00k8rgpe21.png
Thicca Takarada, https://i.redd.it/5kp8xrjtl2o51.jpg
Thirsty?, https://i.redd.it/1z7sh177sik21.png
Thursday #110, https://i.redd.it/nopnig0i3wz21.jpg
Tifa [FFVII], https://i.redd.it/ah59vt8zhzz41.png
Tight shirt, https://i.redd.it/s03w6p09opf61.jpg
Title3, https://i.redd.it/8dcm69zf10o61.png
too hot, https://i.redd.it/k60vhxdvrsg21.jpg
Trick or Treat!! (Ebi) [Komi-san wa Komyushou desu], https://i.redd.it/5fyg6l4zmiw51.jpg
UKNOWN GIRL, https://i.redd.it/aeqsu4dtnin51.jpg
uwu, https://i.redd.it/sro2r9hlypr51.jpg
Vivian and Fiodo [Original], https://i.redd.it/j1v4uhd98z321.png
w i n d y ( artist ?? - idk sryyy ), https://i.redd.it/q5tzwfqgley21.jpg
Waiting for you, https://i.redd.it/y64jg1rbsik21.png
Wakabayashi Tomoka [Idolmaster], https://i.redd.it/85vn0ml370e61.jpg
Waking up, https://i.redd.it/h3oxewt9six41.png
Want a coke?, https://i.redd.it/v7kbuv0y39961.jpg
Warrior Anime Girl, https://i.redd.it/ukeu5eobzzp21.jpg
Wasn’t showing up at first haha, https://i.redd.it/crrkvz347y951.jpg
Wet, https://i.redd.it/s23qjzkmy3a51.jpg
Who is Catgirl Rem??, https://i.redd.it/bl3cafcb8im51.png
Will be back soon okay? [FGO], https://i.redd.it/vpiix6iubwc51.png
With flawless day out [Oregairu], https://i.redd.it/qs25kp30ewf51.png
Wiz the beautiful, https://i.redd.it/llwocg5eco621.png
Working [Original], https://i.redd.it/wr9pvhgutfs21.jpg
WOW!!! The fireworks are so nice!, https://i.redd.it/ewuwtx7q50q21.jpg
Yeah! [Vocaloid], https://i.redd.it/gqllckln34r21.png
Yes, https://i.redd.it/s76i0o8hqnr21.png
Yotsuba Nakano [The Quintessential Quintuplets], https://i.redd.it/1ctyvkdxox761.jpg
You are under arrest [Original], https://i.redd.it/7tox3vjahra41.jpg
You coming to the water with me or what?, https://i.redd.it/4aufjn58c8961.jpg
You missed the diving trip, https://i.redd.it/4oj9c6z3ali51.jpg
Yui Hirasawa [ k on ], https://i.redd.it/03oirty4hhs21.jpg
Yui Yuigahama & Yukino Yukinoshita [Oregairu], https://i.redd.it/0f2sddyoedf61.jpg
Yukina Himeragi [Strike the Blood], https://i.redd.it/8drctw2g1k161.jpg
Yukino Yukinoshita [Oregairu], https://i.redd.it/nb3pjqv9v6861.jpg
Yuri can be cute too, https://i.redd.it/e8606jcsnza61.jpg
Y’all remember her, https://i.redd.it/xljdybc9tvl51.jpg
Zero two [Darling in the franxx], https://i.redd.it/nlzqxfch28s21.jpg
Zero Two by Slyvia, https://i.redd.it/mkf9jehwhgc51.jpg
“Be gentle...please?”, https://i.redd.it/t0k2hwo3qkd51.jpg
